year,week,month,report_no,district,dengue_cases,cumulative_cases,outbreak_level,data_status,use_for_model,rainfall_mm,humidity_pct,temp_max_c,temp_min_c,temp_mean_c,weather_days_count,weather_source,note
2022,1,1,Vol_49_no_02,Colombo,47.0,476.0,Low,available,YES,15.0,77.64,31.96,24.24,28.1,7,rf.xlsx + RH.xlsx + tem.xlsx weekly aggregation,direct from uploaded PDF
2022,2,1,Vol_49_no_03,Colombo,31.0,788.0,Low,available,YES,0.4,76.57,32.36,24.6,28.48,7,rf.xlsx + RH.xlsx + tem.xlsx weekly aggregation,direct from uploaded PDF
2022,3,1,Vol_49_no_04,Colombo,30.0,1095.0,Low,available,YES,2.3,70.5,33.19,23.9,28.54,7,rf.xlsx + RH.xlsx + tem.xlsx weekly aggregation,direct from uploaded PDF
2022,4,1,Vol_49_no_05,Colombo,20.0,1295.0,Low,available,YES,58.6,76.14,31.4,22.63,27.01,7,rf.xlsx + RH.xlsx + tem.xlsx weekly aggregation,direct from uploaded PDF
2022,5,2,Vol_49_no_06,Colombo,13.0,1430.0,Low,available,YES,0.0,74.5,31.71,24.0,27.86,7,rf.xlsx + RH.xlsx + tem.xlsx weekly aggregation,direct from uploaded PDF
2022,6,2,Vol_49_no_07,Colombo,121.0,1551.0,Medium,available,YES,0.2,70.57,32.61,24.21,28.41,7,rf.xlsx + RH.xlsx + tem.xlsx weekly aggregation,calculated/validated from cumulative difference
2022,7,2,Vol_49_no_08,Colombo,126.0,1677.0,Medium,available,YES,19.2,73.5,31.66,23.7,27.68,7,rf.xlsx + RH.xlsx + tem.xlsx weekly aggregation,calculated/validated from cumulative difference
2022,8,2,Vol_49_no_09,Colombo,117.0,1794.0,Medium,available,YES,2.4,77.29,31.8,25.1,28.45,7,rf.xlsx + RH.xlsx + tem.xlsx weekly aggregation,calculated/validated from cumulative difference
2022,9,3,Vol_49_no_10,Colombo,60.0,1854.0,Low,available,YES,3.1,71.07,33.49,24.51,29.0,7,rf.xlsx + RH.xlsx + tem.xlsx weekly aggregation,calculated/validated from cumulative difference
2022,10,3,Vol_49_no_11,Colombo,98.0,1952.0,Low,available,YES,1.4,76.79,32.16,25.44,28.8,7,rf.xlsx + RH.xlsx + tem.xlsx weekly aggregation,calculated/validated from cumulative difference
2022,11,3,Vol_49_no_12,Colombo,88.0,2040.0,Low,available,YES,53.4,80.29,32.01,25.3,28.66,7,rf.xlsx + RH.xlsx + tem.xlsx weekly aggregation,calculated/validated from cumulative difference
2022,12,3,Vol_49_no_13,Colombo,103.0,2143.0,Medium,available,YES,0.1,77.21,32.06,27.29,29.67,7,rf.xlsx + RH.xlsx + tem.xlsx weekly aggregation,calculated/validated from cumulative difference
2022,13,3,Vol_49_no_14,Colombo,103.0,2246.0,Medium,available,YES,0.2,75.21,32.69,25.76,29.22,7,rf.xlsx + RH.xlsx + tem.xlsx weekly aggregation,calculated/validated from cumulative difference
2022,14,4,Vol_49_no_15,Colombo,109.0,2355.0,Medium,available,YES,74.1,80.36,32.34,25.03,28.69,7,rf.xlsx + RH.xlsx + tem.xlsx weekly aggregation,calculated/validated from cumulative difference
2022,15,4,Vol_49_no_16,Colombo,27.0,2382.0,Low,available,YES,194.4,86.71,30.73,24.34,27.54,7,rf.xlsx + RH.xlsx + tem.xlsx weekly aggregation,calculated/validated from cumulative difference
2022,16,4,Vol_49_no_17,Colombo,132.0,2514.0,Medium,available,YES,103.5,83.5,31.7,26.31,29.01,7,rf.xlsx + RH.xlsx + tem.xlsx weekly aggregation,calculated/validated from cumulative difference
2022,17,4,Vol_49_no_18,Colombo,133.0,2647.0,Medium,available,YES,89.4,82.29,32.04,25.54,28.79,7,rf.xlsx + RH.xlsx + tem.xlsx weekly aggregation,calculated/validated from cumulative difference
2022,18,5,Vol_49_no_19,Colombo,122.0,2769.0,Medium,available,YES,69.4,81.64,32.37,27.03,29.7,7,rf.xlsx + RH.xlsx + tem.xlsx weekly aggregation,calculated/validated from cumulative difference
2022,19,5,Vol_49_no_20,Colombo,110.0,2879.0,Medium,available,YES,50.1,81.0,31.6,27.33,29.46,7,rf.xlsx + RH.xlsx + tem.xlsx weekly aggregation,calculated/validated from cumulative difference
2022,20,5,Vol_49_no_21,Colombo,251.0,3130.0,Medium,available,YES,47.8,83.43,30.66,25.61,28.14,7,rf.xlsx + RH.xlsx + tem.xlsx weekly aggregation,calculated/validated from cumulative difference
2022,21,5,Vol_49_no_22,Colombo,624.0,3754.0,High,available,YES,69.2,83.43,30.7,26.24,28.47,7,rf.xlsx + RH.xlsx + tem.xlsx weekly aggregation,"calculated/validated from cumulative difference; high spike, verify if possible"
2022,22,6,Vol_49_no_23,Colombo,0.0,3754.0,Low,available,YES,140.2,86.93,29.7,25.43,27.56,7,rf.xlsx + RH.xlsx + tem.xlsx weekly aggregation,"calculated/validated from cumulative difference; cumulative did not change, verify if possible"
2022,23,6,Vol_49_no_24,Colombo,314.0,4068.0,High,available,YES,11.8,82.5,30.57,27.01,28.79,7,rf.xlsx + RH.xlsx + tem.xlsx weekly aggregation,calculated/validated from cumulative difference
2022,24,6,Vol_49_no_25,Colombo,643.0,4711.0,High,available,YES,41.7,86.64,30.5,26.11,28.31,7,rf.xlsx + RH.xlsx + tem.xlsx weekly aggregation,calculated/validated from cumulative difference
2022,25,6,Vol_49_no_26,Colombo,580.0,5291.0,High,available,YES,23.3,82.57,30.7,26.41,28.56,7,rf.xlsx + RH.xlsx + tem.xlsx weekly aggregation,calculated/validated from cumulative difference
2022,26,6,Vol_49_no_27,Colombo,581.0,5872.0,High,available,YES,1.8,77.64,30.89,27.2,29.04,7,rf.xlsx + RH.xlsx + tem.xlsx weekly aggregation,calculated/validated from cumulative difference
2022,27,7,Vol_49_no_28,Colombo,845.0,6717.0,High,available,YES,0.9,78.57,30.29,26.47,28.38,7,rf.xlsx + RH.xlsx + tem.xlsx weekly aggregation,"calculated/validated from cumulative difference; high spike, verify if possible"
2022,28,7,Vol_49_no_29,Colombo,130.0,6847.0,Medium,available,YES,5.0,81.21,30.57,26.26,28.41,7,rf.xlsx + RH.xlsx + tem.xlsx weekly aggregation,calculated/validated from cumulative difference
2022,29,7,Vol_49_no_30,Colombo,984.0,7831.0,High,available,YES,3.7,81.07,30.76,26.59,28.67,7,rf.xlsx + RH.xlsx + tem.xlsx weekly aggregation,"calculated/validated from cumulative difference; high spike, verify if possible"
2022,30,7,Vol_49_no_31,Colombo,384.0,8215.0,High,available,YES,2.9,84.0,30.31,26.04,28.18,7,rf.xlsx + RH.xlsx + tem.xlsx weekly aggregation,calculated/validated from cumulative difference
2022,31,8,Vol_49_no_32,Colombo,296.0,8511.0,Medium,available,YES,47.1,81.93,29.54,25.69,27.61,7,rf.xlsx + RH.xlsx + tem.xlsx weekly aggregation,calculated/validated from cumulative difference
2022,32,8,Vol_49_no_33,Colombo,98.0,8609.0,Low,available,YES,1.1,80.14,30.01,26.17,28.09,7,rf.xlsx + RH.xlsx + tem.xlsx weekly aggregation,calculated/validated from cumulative difference
2022,33,8,Vol_49_no_34,Colombo,371.0,8980.0,High,available,YES,1.4,80.0,30.76,26.61,28.69,7,rf.xlsx + RH.xlsx + tem.xlsx weekly aggregation,calculated/validated from cumulative difference
2022,34,8,Vol_49_no_35,Colombo,401.0,9381.0,High,available,YES,6.4,79.93,30.49,26.44,28.46,7,rf.xlsx + RH.xlsx + tem.xlsx weekly aggregation,calculated/validated from cumulative difference
2022,35,9,Vol_49_no_36,Colombo,33.0,9414.0,Low,available,YES,62.4,85.21,29.19,25.07,27.13,7,rf.xlsx + RH.xlsx + tem.xlsx weekly aggregation,calculated/validated from cumulative difference
2022,36,9,Vol_49_no_37,Colombo,275.0,9689.0,Medium,available,YES,79.6,85.5,29.29,25.16,27.22,7,rf.xlsx + RH.xlsx + tem.xlsx weekly aggregation,calculated/validated from cumulative difference
2022,37,9,Vol_49_no_38,Colombo,96.0,9785.0,Low,available,YES,0.0,80.07,30.31,26.4,28.36,7,rf.xlsx + RH.xlsx + tem.xlsx weekly aggregation,calculated/validated from cumulative difference
2022,38,9,Vol_49_no_39,Colombo,238.0,10023.0,Medium,available,YES,4.4,79.21,30.79,26.43,28.61,7,rf.xlsx + RH.xlsx + tem.xlsx weekly aggregation,calculated/validated from cumulative difference
2022,39,9,Vol_49_no_40,Colombo,58.0,10081.0,Low,available,YES,9.4,76.21,31.09,26.99,29.04,7,rf.xlsx + RH.xlsx + tem.xlsx weekly aggregation,calculated/validated from cumulative difference
2022,40,10,Vol_49_no_41,Colombo,184.0,10265.0,Medium,available,YES,4.3,78.93,30.39,26.3,28.34,7,rf.xlsx + RH.xlsx + tem.xlsx weekly aggregation,"corrected output, validated by cumulative difference"
2022,41,10,Vol_49_no_42,Colombo,170.0,10435.0,Medium,available,YES,236.6,85.71,29.74,25.49,27.61,7,rf.xlsx + RH.xlsx + tem.xlsx weekly aggregation,"corrected output, validated by cumulative difference"
2022,42,10,Vol_49_no_43,Colombo,128.0,10563.0,Medium,available,YES,135.8,87.07,29.39,24.53,26.96,7,rf.xlsx + RH.xlsx + tem.xlsx weekly aggregation,"corrected output, validated by cumulative difference"
2022,43,10,Vol_49_no_44,Colombo,928.0,11491.0,High,available,YES,123.9,87.0,29.59,24.26,26.92,7,rf.xlsx + RH.xlsx + tem.xlsx weekly aggregation,"corrected output, validated by cumulative difference; high spike, verify if possible"
2022,44,11,Vol_49_no_45,Colombo,11.0,11502.0,Low,available,YES,45.5,83.57,30.7,24.99,27.84,7,rf.xlsx + RH.xlsx + tem.xlsx weekly aggregation,"corrected output, validated by cumulative difference"
2022,45,11,Vol_49_no_46,Colombo,56.0,11558.0,Low,available,YES,87.2,85.57,30.64,24.1,27.37,7,rf.xlsx + RH.xlsx + tem.xlsx weekly aggregation,"corrected output, validated by cumulative difference"
2022,46,11,Vol_49_no_47,Colombo,161.0,11719.0,Medium,available,YES,134.5,82.29,30.46,23.9,27.18,7,rf.xlsx + RH.xlsx + tem.xlsx weekly aggregation,"corrected output, validated by cumulative difference"
2022,47,11,Vol_49_no_48,Colombo,195.0,11914.0,Medium,available,YES,0.0,78.07,30.66,24.07,27.36,7,rf.xlsx + RH.xlsx + tem.xlsx weekly aggregation,"corrected output, validated by cumulative difference"
2022,48,12,Vol_49_no_49,Colombo,155.0,12069.0,Medium,available,YES,36.8,79.14,31.07,24.63,27.85,7,rf.xlsx + RH.xlsx + tem.xlsx weekly aggregation,"corrected output, validated by cumulative difference"
2022,49,12,Vol_49_no_50,Colombo,281.0,12350.0,Medium,available,YES,112.8,82.07,29.56,23.26,26.41,7,rf.xlsx + RH.xlsx + tem.xlsx weekly aggregation,"corrected output, validated by cumulative difference"
2022,50,12,Vol_49_no_51,Colombo,313.0,12663.0,High,available,YES,72.0,82.86,30.64,23.06,26.85,7,rf.xlsx + RH.xlsx + tem.xlsx weekly aggregation,"corrected output, validated by cumulative difference"
2022,51,12,Vol_49_no_52,Colombo,206.0,12869.0,Medium,available,YES,0.7,79.14,30.56,24.29,27.42,7,rf.xlsx + RH.xlsx + tem.xlsx weekly aggregation,"corrected output, validated by cumulative difference"
2022,52,12,Vol_50_no_01,Colombo,25.0,13287.0,Low,available,YES,102.7,80.5,30.43,24.13,27.28,7,rf.xlsx + RH.xlsx + tem.xlsx weekly aggregation,direct from 2023 Vol 50 No 01; 2022 Week 52
2023,1,1,Vol_50_no_02,Colombo,196.0,196.0,Medium,available,YES,8.6,72.14,32.3,23.21,27.76,7,rf.xlsx + RH.xlsx + tem.xlsx weekly aggregation,direct/extracted from WER data in chat
2023,2,1,Vol_50_no_03,Colombo,341.0,537.0,High,available,YES,0.0,70.71,31.01,22.7,26.86,7,rf.xlsx + RH.xlsx + tem.xlsx weekly aggregation,direct/extracted from WER data in chat
2023,3,1,Vol_50_no_04,Colombo,204.0,766.0,Medium,available,YES,31.2,78.71,30.56,23.13,26.84,7,rf.xlsx + RH.xlsx + tem.xlsx weekly aggregation,direct/extracted from WER data in chat
2023,4,1,Vol_50_no_05,Colombo,279.0,1083.0,Medium,available,YES,72.9,79.79,30.64,23.64,27.14,7,rf.xlsx + RH.xlsx + tem.xlsx weekly aggregation,direct/extracted from WER data in chat
2023,5,2,Vol_50_no_06,Colombo,247.0,1449.0,Medium,available,YES,12.1,83.29,30.27,23.74,27.0,7,rf.xlsx + RH.xlsx + tem.xlsx weekly aggregation,direct/extracted from WER data in chat
2023,6,2,Vol_50_no_07,Colombo,222.0,1722.0,Medium,available,YES,0.2,78.07,,24.56,,7,rf.xlsx + RH.xlsx + tem.xlsx weekly aggregation,direct/extracted from WER data in chat
2023,7,2,Vol_50_no_08,Colombo,160.0,1971.0,Medium,available,YES,0.0,72.0,,23.87,,7,rf.xlsx + RH.xlsx + tem.xlsx weekly aggregation,direct/extracted from WER data in chat
2023,8,2,Vol_50_no_09,Colombo,265.0,2461.0,Medium,available,YES,67.8,80.07,,24.23,,7,rf.xlsx + RH.xlsx + tem.xlsx weekly aggregation,direct/extracted from WER data in chat
2023,9,3,Vol_50_no_10,Colombo,244.0,2846.0,Medium,available,YES,1.9,73.79,32.67,24.01,28.34,7,rf.xlsx + RH.xlsx + tem.xlsx weekly aggregation,direct/extracted from WER data in chat
2023,10,3,Vol_50_no_11,Colombo,234.0,3161.0,Medium,available,YES,41.2,82.86,32.04,24.56,28.3,7,rf.xlsx + RH.xlsx + tem.xlsx weekly aggregation,direct/extracted from WER data in chat
2023,11,3,Vol_50_no_12,Colombo,161.0,3348.0,Medium,available,YES,76.8,82.07,31.9,24.43,28.16,7,rf.xlsx + RH.xlsx + tem.xlsx weekly aggregation,direct/extracted from WER data in chat
2023,12,3,Vol_50_no_13,Colombo,241.0,3612.0,Medium,available,YES,76.4,81.0,31.61,24.31,27.96,7,rf.xlsx + RH.xlsx + tem.xlsx weekly aggregation,direct/extracted from WER data in chat
2023,13,3,Vol_50_no_14,Colombo,180.0,3820.0,Medium,available,YES,13.7,79.14,32.03,25.31,28.67,7,rf.xlsx + RH.xlsx + tem.xlsx weekly aggregation,direct/extracted from WER data in chat
2023,14,4,Vol_50_no_15,Colombo,154.0,3974.0,Medium,available,YES,56.1,80.71,31.67,24.83,28.25,7,rf.xlsx + RH.xlsx + tem.xlsx weekly aggregation,direct/extracted from WER data in chat
2023,15,4,Vol_50_no_16,Colombo,261.0,4290.0,Medium,available,YES,63.4,79.93,32.57,25.26,28.91,7,rf.xlsx + RH.xlsx + tem.xlsx weekly aggregation,direct/extracted from WER data in chat
2023,16,4,Vol_50_no_17,Colombo,297.0,4587.0,Medium,available,YES,10.6,78.0,32.49,26.13,29.31,7,rf.xlsx + RH.xlsx + tem.xlsx weekly aggregation,direct/extracted from WER data in chat
2023,17,4,Vol_50_no_18,Colombo,271.0,4939.0,Medium,available,YES,127.8,84.5,32.64,25.17,28.91,7,rf.xlsx + RH.xlsx + tem.xlsx weekly aggregation,direct/extracted from WER data in chat
2023,18,5,Vol_50_no_19,Colombo,266.0,5219.0,Medium,available,YES,192.9,85.36,31.26,24.13,27.69,7,rf.xlsx + RH.xlsx + tem.xlsx weekly aggregation,direct/extracted from WER data in chat
2023,19,5,Vol_50_no_20,Colombo,362.0,5703.0,High,available,YES,55.1,83.14,31.71,26.29,29.0,7,rf.xlsx + RH.xlsx + tem.xlsx weekly aggregation,direct/extracted from WER data in chat
2023,20,5,Vol_50_no_21,Colombo,230.0,5944.0,Medium,available,YES,49.8,82.5,31.87,27.2,29.54,7,rf.xlsx + RH.xlsx + tem.xlsx weekly aggregation,direct/extracted from WER data in chat
2023,21,5,Vol_50_no_22,Colombo,328.0,6418.0,High,available,YES,16.3,81.21,31.5,26.53,29.01,7,rf.xlsx + RH.xlsx + tem.xlsx weekly aggregation,direct/extracted from WER data in chat
2023,22,6,Vol_50_no_23,Colombo,546.0,7321.0,High,available,YES,21.6,80.64,32.31,27.01,29.66,7,rf.xlsx + RH.xlsx + tem.xlsx weekly aggregation,direct/extracted from WER data in chat
2023,23,6,Vol_50_no_24,Colombo,412.0,7733.0,High,available,YES,26.4,81.36,31.47,27.37,29.42,7,rf.xlsx + RH.xlsx + tem.xlsx weekly aggregation,direct/extracted from WER data in chat
2023,24,6,Vol_50_no_25,Colombo,579.0,8312.0,High,available,YES,32.5,83.14,31.16,26.76,28.96,7,rf.xlsx + RH.xlsx + tem.xlsx weekly aggregation,direct/extracted from WER data in chat
2023,25,6,Vol_50_no_26,Colombo,373.0,8685.0,High,available,YES,14.3,82.43,31.21,26.96,29.09,7,rf.xlsx + RH.xlsx + tem.xlsx weekly aggregation,direct/extracted from WER data in chat
2023,26,6,Vol_50_no_27,Colombo,342.0,9027.0,High,available,YES,22.0,82.29,30.89,26.16,28.52,7,rf.xlsx + RH.xlsx + tem.xlsx weekly aggregation,direct/extracted from WER data in chat
2023,27,7,Vol_50_no_28,Colombo,360.0,9387.0,High,available,YES,48.7,84.43,29.99,25.79,27.89,7,rf.xlsx + RH.xlsx + tem.xlsx weekly aggregation,direct/extracted from WER data in chat
2023,28,7,Vol_50_no_29,Colombo,304.0,9691.0,High,available,YES,11.1,82.0,30.8,27.1,28.95,7,rf.xlsx + RH.xlsx + tem.xlsx weekly aggregation,direct/extracted from WER data in chat
2023,29,7,Vol_50_no_30,Colombo,335.0,10026.0,High,available,YES,0.0,79.93,31.37,27.5,29.44,7,rf.xlsx + RH.xlsx + tem.xlsx weekly aggregation,direct/extracted from WER data in chat
2023,30,7,Vol_50_no_31,Colombo,312.0,10338.0,High,available,YES,41.3,81.57,30.46,26.23,28.34,7,rf.xlsx + RH.xlsx + tem.xlsx weekly aggregation,direct/extracted from WER data in chat
2023,31,8,Vol_50_no_32,Colombo,282.0,10620.0,Medium,available,YES,0.6,79.07,30.94,27.31,29.13,7,rf.xlsx + RH.xlsx + tem.xlsx weekly aggregation,direct/extracted from WER data in chat
2023,32,8,Vol_50_no_33,Colombo,275.0,10895.0,Medium,available,YES,0.0,78.57,31.16,27.4,29.28,7,rf.xlsx + RH.xlsx + tem.xlsx weekly aggregation,direct/extracted from WER data in chat
2023,33,8,Vol_50_no_34,Colombo,185.0,11080.0,Medium,available,YES,1.2,75.07,31.74,27.23,29.49,7,rf.xlsx + RH.xlsx + tem.xlsx weekly aggregation,direct/extracted from WER data in chat
2023,34,8,Vol_50_no_35,Colombo,139.0,11219.0,Medium,available,YES,10.0,76.71,32.26,27.13,29.69,7,rf.xlsx + RH.xlsx + tem.xlsx weekly aggregation,direct/extracted from WER data in chat
2023,35,9,Vol_50_no_36,Colombo,127.0,11346.0,Medium,available,YES,177.9,85.79,30.63,25.51,28.07,7,rf.xlsx + RH.xlsx + tem.xlsx weekly aggregation,direct/extracted from WER data in chat
2023,36,9,Vol_50_no_37,Colombo,84.0,11430.0,Low,available,YES,142.3,86.07,29.63,24.83,27.23,7,rf.xlsx + RH.xlsx + tem.xlsx weekly aggregation,direct/extracted from WER data in chat
2023,37,9,Vol_50_no_38,Colombo,90.0,11520.0,Low,available,YES,55.3,83.93,30.86,25.04,27.95,7,rf.xlsx + RH.xlsx + tem.xlsx weekly aggregation,direct/extracted from WER data in chat
2023,38,9,Vol_50_no_39,Colombo,73.0,11593.0,Low,available,YES,195.5,87.0,30.33,24.67,27.5,7,rf.xlsx + RH.xlsx + tem.xlsx weekly aggregation,direct/extracted from WER data in chat
2023,39,9,Vol_50_no_40,Colombo,62.0,11655.0,Low,available,YES,221.7,87.07,30.39,24.96,27.67,7,rf.xlsx + RH.xlsx + tem.xlsx weekly aggregation,direct/extracted from WER data in chat
2023,40,10,Vol_50_no_41,Colombo,111.0,11766.0,Medium,available,YES,236.2,91.71,29.51,24.14,26.83,7,rf.xlsx + RH.xlsx + tem.xlsx weekly aggregation,direct/extracted from WER data in chat
2023,41,10,Vol_50_no_42,Colombo,103.0,11869.0,Medium,available,YES,66.3,85.0,30.69,25.16,27.92,7,rf.xlsx + RH.xlsx + tem.xlsx weekly aggregation,direct/extracted from WER data in chat
2023,42,10,Vol_50_no_43,Colombo,146.0,12015.0,Medium,available,YES,157.5,87.43,29.7,24.43,27.06,7,rf.xlsx + RH.xlsx + tem.xlsx weekly aggregation,direct/extracted from WER data in chat
2023,43,10,Vol_50_no_44,Colombo,167.0,12182.0,Medium,available,YES,30.0,84.5,30.86,24.79,27.82,7,rf.xlsx + RH.xlsx + tem.xlsx weekly aggregation,direct/extracted from WER data in chat
2023,44,11,Vol_50_no_45,Colombo,210.0,12392.0,Medium,available,YES,182.5,86.0,31.14,24.23,27.69,7,rf.xlsx + RH.xlsx + tem.xlsx weekly aggregation,direct/extracted from WER data in chat
2023,45,11,Vol_50_no_46,Colombo,150.0,12542.0,Medium,available,YES,187.1,86.21,31.36,23.8,27.58,7,rf.xlsx + RH.xlsx + tem.xlsx weekly aggregation,direct/extracted from WER data in chat
2023,46,11,Vol_50_no_47,Colombo,193.0,12859.0,Medium,available,YES,78.5,85.86,31.29,25.34,28.31,7,rf.xlsx + RH.xlsx + tem.xlsx weekly aggregation,direct/extracted from WER data in chat
2023,47,11,Vol_50_no_48,Colombo,155.0,13016.0,Medium,available,YES,82.6,85.79,30.99,24.71,27.85,7,rf.xlsx + RH.xlsx + tem.xlsx weekly aggregation,direct/extracted from WER data in chat
2023,48,12,Vol_50_no_49,Colombo,341.0,13382.0,High,available,YES,38.9,83.79,31.17,24.74,27.96,7,rf.xlsx + RH.xlsx + tem.xlsx weekly aggregation,direct/extracted from WER data in chat
2023,49,12,Vol_50_no_50,Colombo,450.0,13832.0,High,available,YES,135.4,87.57,30.77,24.94,27.86,7,rf.xlsx + RH.xlsx + tem.xlsx weekly aggregation,direct/extracted from WER data in chat
2023,50,12,Vol_50_no_51,Colombo,409.0,14241.0,High,available,YES,113.6,85.64,31.29,24.33,27.81,7,rf.xlsx + RH.xlsx + tem.xlsx weekly aggregation,direct/extracted from WER data in chat
2023,51,12,Vol_50_no_52,Colombo,476.0,14747.0,High,available,YES,29.8,81.71,32.41,24.6,28.51,7,rf.xlsx + RH.xlsx + tem.xlsx weekly aggregation,direct/extracted from WER data in chat
2023,52,12,Vol_51_no_01,Colombo,375.0,15122.0,High,available,YES,48.9,81.07,32.7,25.07,28.89,7,rf.xlsx + RH.xlsx + tem.xlsx weekly aggregation,direct/extracted from WER data in chat
2024,1,1,Vol_51_no_02,Colombo,299.0,299.0,Medium,available,YES,63.1,84.0,31.43,24.97,28.2,7,rf.xlsx + RH.xlsx + tem.xlsx weekly aggregation,direct/extracted from WER data in chat
2024,2,1,Vol_51_no_03,Colombo,549.0,848.0,High,available,YES,21.8,79.07,31.5,24.31,27.91,7,rf.xlsx + RH.xlsx + tem.xlsx weekly aggregation,direct/extracted from WER data in chat
2024,3,1,Vol_51_no_04,Colombo,477.0,1325.0,High,available,YES,102.4,77.5,31.41,23.76,27.59,7,rf.xlsx + RH.xlsx + tem.xlsx weekly aggregation,direct/extracted from WER data in chat
2024,4,1,Vol_51_no_05,Colombo,499.0,1824.0,High,available,YES,0.0,69.71,33.11,24.36,28.74,7,rf.xlsx + RH.xlsx + tem.xlsx weekly aggregation,direct/extracted from WER data in chat
2024,5,1,Vol_51_no_06,Colombo,349.0,2173.0,High,available,YES,5.4,79.36,31.93,25.36,28.64,7,rf.xlsx + RH.xlsx + tem.xlsx weekly aggregation,direct/extracted from WER data in chat
2024,6,2,Vol_51_no_07,Colombo,382.0,2555.0,High,available,YES,0.0,72.57,32.71,24.06,28.39,7,rf.xlsx + RH.xlsx + tem.xlsx weekly aggregation,direct/extracted from WER data in chat
2024,7,2,Vol_51_no_08,Colombo,286.0,2841.0,Medium,available,YES,5.6,74.14,34.2,25.51,29.86,7,rf.xlsx + RH.xlsx + tem.xlsx weekly aggregation,direct/extracted from WER data in chat
2024,8,2,Vol_51_no_09,Colombo,269.0,3110.0,Medium,available,YES,0.2,75.36,32.87,25.97,29.42,7,rf.xlsx + RH.xlsx + tem.xlsx weekly aggregation,direct/extracted from WER data in chat
2024,9,2,Vol_51_no_10,Colombo,252.0,3362.0,Medium,available,YES,0.0,71.43,35.1,25.87,30.49,7,rf.xlsx + RH.xlsx + tem.xlsx weekly aggregation,direct/extracted from WER data in chat
2024,10,3,Vol_51_no_11,Colombo,170.0,3532.0,Medium,available,YES,0.0,74.93,32.79,26.03,29.41,7,rf.xlsx + RH.xlsx + tem.xlsx weekly aggregation,direct/extracted from WER data in chat
2024,11,3,Vol_51_no_12,Colombo,207.0,3739.0,Medium,available,YES,0.0,74.57,33.06,26.47,29.76,7,rf.xlsx + RH.xlsx + tem.xlsx weekly aggregation,direct/extracted from WER data in chat
2024,12,3,Vol_51_no_13,Colombo,146.0,3885.0,Medium,available,YES,34.2,76.64,33.16,26.33,29.74,7,rf.xlsx + RH.xlsx + tem.xlsx weekly aggregation,direct/extracted from WER data in chat
2024,13,3,Vol_51_no_14,Colombo,130.0,4015.0,Medium,available,YES,29.4,76.71,33.5,26.3,29.9,7,rf.xlsx + RH.xlsx + tem.xlsx weekly aggregation,direct/extracted from WER data in chat
2024,14,4,Vol_51_no_15,Colombo,132.0,4147.0,Medium,available,YES,80.4,79.14,33.71,26.79,30.25,7,rf.xlsx + RH.xlsx + tem.xlsx weekly aggregation,direct/extracted from WER data in chat
2024,15,4,Vol_51_no_16,Colombo,68.0,4215.0,Low,available,YES,59.9,80.5,33.4,26.16,29.78,7,rf.xlsx + RH.xlsx + tem.xlsx weekly aggregation,direct/extracted from WER data in chat
2024,16,4,Vol_51_no_17,Colombo,111.0,4326.0,Medium,available,YES,106.4,80.43,33.31,26.24,29.78,7,rf.xlsx + RH.xlsx + tem.xlsx weekly aggregation,direct/extracted from WER data in chat
2024,17,4,Vol_51_no_18,Colombo,111.0,4437.0,Medium,available,YES,40.5,82.64,33.1,26.5,29.8,7,rf.xlsx + RH.xlsx + tem.xlsx weekly aggregation,direct/extracted from WER data in chat
2024,18,4,Vol_51_no_19,Colombo,114.0,4551.0,Medium,available,YES,121.5,82.21,33.37,26.1,29.74,7,rf.xlsx + RH.xlsx + tem.xlsx weekly aggregation,direct/extracted from WER data in chat
2024,19,5,Vol_51_no_20,Colombo,75.0,4626.0,Low,available,YES,44.7,82.86,32.84,,,7,rf.xlsx + RH.xlsx + tem.xlsx weekly aggregation,direct/extracted from WER data in chat
2024,22,5,Vol_51_no_23,Colombo,156.0,5034.0,Medium,available,YES,109.3,85.07,30.84,28.15,29.5,7,rf.xlsx + RH.xlsx + tem.xlsx weekly aggregation,direct/extracted from WER data in chat
2024,23,6,Vol_51_no_24,Colombo,158.0,5192.0,Medium,available,YES,83.3,84.71,31.34,25.77,28.56,7,rf.xlsx + RH.xlsx + tem.xlsx weekly aggregation,direct/extracted from WER data in chat
2024,24,6,Vol_51_no_25,Colombo,182.0,5374.0,Medium,available,YES,18.8,82.86,31.46,27.16,29.31,7,rf.xlsx + RH.xlsx + tem.xlsx weekly aggregation,direct/extracted from WER data in chat
2024,25,6,Vol_51_no_26,Colombo,218.0,5592.0,Medium,available,YES,56.8,82.43,31.46,26.39,28.92,7,rf.xlsx + RH.xlsx + tem.xlsx weekly aggregation,direct/extracted from WER data in chat
2024,26,6,Vol_51_no_27,Colombo,245.0,5837.0,Medium,available,YES,106.5,85.21,30.87,25.57,28.22,7,rf.xlsx + RH.xlsx + tem.xlsx weekly aggregation,direct/extracted from WER data in chat
2024,27,7,Vol_51_no_28,Colombo,292.0,6129.0,Medium,available,YES,107.6,86.57,30.83,26.17,28.5,7,rf.xlsx + RH.xlsx + tem.xlsx weekly aggregation,direct/extracted from WER data in chat
2024,28,7,Vol_51_no_29,Colombo,320.0,6449.0,High,available,YES,48.4,83.14,31.16,25.9,28.53,7,rf.xlsx + RH.xlsx + tem.xlsx weekly aggregation,direct/extracted from WER data in chat
2024,29,7,Vol_51_no_30,Colombo,312.0,6761.0,High,available,YES,37.3,84.79,31.06,26.19,28.62,7,rf.xlsx + RH.xlsx + tem.xlsx weekly aggregation,direct/extracted from WER data in chat
2024,30,7,Vol_51_no_31,Colombo,321.0,7082.0,High,available,YES,24.0,81.86,31.51,27.2,29.36,7,rf.xlsx + RH.xlsx + tem.xlsx weekly aggregation,direct/extracted from WER data in chat
2024,31,7,Vol_51_no_32,Colombo,308.0,7390.0,High,available,YES,62.2,81.71,31.13,26.63,28.88,7,rf.xlsx + RH.xlsx + tem.xlsx weekly aggregation,direct/extracted from WER data in chat
2024,32,8,Vol_51_no_33,Colombo,279.0,7669.0,Medium,available,YES,1.6,80.79,31.39,27.41,29.4,7,rf.xlsx + RH.xlsx + tem.xlsx weekly aggregation,direct/extracted from WER data in chat
2024,33,8,Vol_51_no_34,Colombo,266.0,7935.0,Medium,available,YES,190.7,88.21,30.91,25.36,28.14,7,rf.xlsx + RH.xlsx + tem.xlsx weekly aggregation,direct/extracted from WER data in chat
2024,34,8,Vol_51_no_35,Colombo,263.0,8198.0,Medium,available,YES,106.5,86.71,30.4,25.63,28.01,7,rf.xlsx + RH.xlsx + tem.xlsx weekly aggregation,direct/extracted from WER data in chat
2024,35,8,Vol_51_no_36,Colombo,250.0,8448.0,Medium,available,YES,40.9,79.07,31.3,26.6,28.95,7,rf.xlsx + RH.xlsx + tem.xlsx weekly aggregation,direct/extracted from WER data in chat
2024,36,9,Vol_51_no_37,Colombo,192.0,8640.0,Medium,available,YES,66.1,82.36,30.77,26.63,28.7,7,rf.xlsx + RH.xlsx + tem.xlsx weekly aggregation,direct/extracted from WER data in chat
2024,37,9,Vol_51_no_38,Colombo,226.0,8866.0,Medium,available,YES,68.0,81.29,31.06,26.14,28.6,7,rf.xlsx + RH.xlsx + tem.xlsx weekly aggregation,direct/extracted from WER data in chat
2024,38,9,Vol_51_no_39,Colombo,202.0,9068.0,Medium,available,YES,1.5,75.86,31.8,27.79,29.79,7,rf.xlsx + RH.xlsx + tem.xlsx weekly aggregation,direct/extracted from WER data in chat
2024,39,9,Vol_51_no_40,Colombo,143.0,9211.0,Medium,available,YES,71.4,79.71,32.0,27.01,29.51,7,rf.xlsx + RH.xlsx + tem.xlsx weekly aggregation,direct/extracted from WER data in chat
2024,40,9,Vol_51_no_41,Colombo,169.0,9380.0,Medium,available,YES,160.3,81.0,31.86,25.69,28.77,7,rf.xlsx + RH.xlsx + tem.xlsx weekly aggregation,direct/extracted from WER data in chat
2024,41,10,Vol_51_no_42,Colombo,172.0,9552.0,Medium,available,YES,303.2,89.5,29.44,24.56,27.0,7,rf.xlsx + RH.xlsx + tem.xlsx weekly aggregation,direct/extracted from WER data in chat
2024,42,10,Vol_51_no_43,Colombo,180.0,9732.0,Medium,available,YES,58.3,83.71,30.49,25.6,28.04,7,rf.xlsx + RH.xlsx + tem.xlsx weekly aggregation,direct/extracted from WER data in chat
2024,43,10,Vol_51_no_44,Colombo,161.0,9893.0,Medium,available,YES,160.2,88.43,30.11,24.83,27.47,7,rf.xlsx + RH.xlsx + tem.xlsx weekly aggregation,direct/extracted from WER data in chat
2024,44,10,Vol_51_no_45,Colombo,141.0,10034.0,Medium,available,YES,53.0,83.43,31.09,25.13,28.11,7,rf.xlsx + RH.xlsx + tem.xlsx weekly aggregation,direct/extracted from WER data in chat
2024,45,11,Vol_51_no_46,Colombo,152.0,10186.0,Medium,available,YES,22.7,81.64,31.61,24.73,28.17,7,rf.xlsx + RH.xlsx + tem.xlsx weekly aggregation,direct/extracted from WER data in chat
2024,46,11,Vol_51_no_47,Colombo,156.0,10342.0,Medium,available,YES,76.1,81.64,32.21,24.89,28.55,7,rf.xlsx + RH.xlsx + tem.xlsx weekly aggregation,direct/extracted from WER data in chat
2024,47,11,Vol_51_no_48,Colombo,191.0,10533.0,Medium,available,YES,46.1,84.79,31.26,24.5,27.88,7,rf.xlsx + RH.xlsx + tem.xlsx weekly aggregation,direct/extracted from WER data in chat
2024,48,11,Vol_51_no_49,Colombo,185.0,10718.0,Medium,available,YES,145.5,84.57,28.73,24.06,26.39,7,rf.xlsx + RH.xlsx + tem.xlsx weekly aggregation,direct/extracted from WER data in chat
2024,49,12,Vol_51_no_50,Colombo,163.0,10881.0,Medium,available,YES,3.2,78.29,32.01,25.2,28.61,7,rf.xlsx + RH.xlsx + tem.xlsx weekly aggregation,direct/extracted from WER data in chat
2024,50,12,Vol_51_no_51,Colombo,247.0,11128.0,Medium,available,YES,14.0,80.43,31.71,24.87,28.29,7,rf.xlsx + RH.xlsx + tem.xlsx weekly aggregation,direct/extracted from WER data in chat
2024,51,12,Vol_51_no_52,Colombo,220.0,11348.0,Medium,available,YES,45.4,83.36,30.91,24.96,27.94,7,rf.xlsx + RH.xlsx + tem.xlsx weekly aggregation,direct/extracted from WER data in chat
2024,52,12,Vol_52_no_01,Colombo,231.0,11579.0,Medium,available,YES,0.0,77.21,31.69,24.24,27.96,7,rf.xlsx + RH.xlsx + tem.xlsx weekly aggregation,direct/extracted from WER data in chat
2025,1,1,Vol_52_no_02,Colombo,200.0,200.0,Medium,available,YES,12.6,76.14,30.79,24.1,27.44,7,rf.xlsx + RH.xlsx + tem.xlsx weekly aggregation,direct/extracted from WER data in chat
2025,2,1,Vol_52_no_03,Colombo,245.0,445.0,Medium,available,YES,5.6,78.64,30.97,24.66,27.81,7,rf.xlsx + RH.xlsx + tem.xlsx weekly aggregation,direct/extracted from WER data in chat
2025,3,1,Vol_52_no_04,Colombo,247.0,692.0,Medium,available,YES,11.0,78.93,31.27,24.31,27.79,7,rf.xlsx + RH.xlsx + tem.xlsx weekly aggregation,direct/extracted from WER data in chat
2025,4,1,Vol_52_no_05,Colombo,284.0,976.0,Medium,available,YES,30.5,80.0,29.9,23.99,26.94,7,rf.xlsx + RH.xlsx + tem.xlsx weekly aggregation,direct/extracted from WER data in chat
2025,5,1,Vol_52_no_06,Colombo,225.0,1201.0,Medium,available,YES,11.7,77.71,32.03,24.21,28.12,7,rf.xlsx + RH.xlsx + tem.xlsx weekly aggregation,direct/extracted from WER data in chat
2025,6,2,Vol_52_no_07,Colombo,252.0,1695.0,Medium,available,YES,0.0,68.79,33.1,23.91,28.51,7,rf.xlsx + RH.xlsx + tem.xlsx weekly aggregation,direct/extracted from WER data in chat
2025,7,2,Vol_52_no_08,Colombo,252.0,1695.0,Medium,available,YES,0.0,75.36,32.34,24.86,28.6,7,rf.xlsx + RH.xlsx + tem.xlsx weekly aggregation,direct/extracted from WER data in chat
2025,8,2,Vol_52_no_09,Colombo,217.0,1912.0,Medium,available,YES,1.8,74.29,33.13,25.11,29.12,7,rf.xlsx + RH.xlsx + tem.xlsx weekly aggregation,direct/extracted from WER data in chat
2025,9,2,Vol_52_no_10,Colombo,219.0,2131.0,Medium,available,YES,67.5,84.36,31.93,24.97,28.45,7,rf.xlsx + RH.xlsx + tem.xlsx weekly aggregation,direct/extracted from WER data in chat
2025,10,3,Vol_52_no_11,Colombo,262.0,2393.0,Medium,available,YES,21.9,77.64,31.93,25.01,28.47,7,rf.xlsx + RH.xlsx + tem.xlsx weekly aggregation,direct/extracted from WER data in chat
2025,11,3,Vol_52_no_12,Colombo,214.0,2607.0,Medium,available,YES,29.9,82.29,32.37,24.93,28.65,7,rf.xlsx + RH.xlsx + tem.xlsx weekly aggregation,direct/extracted from WER data in chat
2025,12,3,Vol_52_no_13,Colombo,242.0,2849.0,Medium,available,YES,97.3,85.36,32.1,25.34,28.72,7,rf.xlsx + RH.xlsx + tem.xlsx weekly aggregation,direct/extracted from WER data in chat
2025,13,3,Vol_52_no_14,Colombo,239.0,3088.0,Medium,available,YES,55.0,76.86,32.56,25.54,29.05,7,rf.xlsx + RH.xlsx + tem.xlsx weekly aggregation,direct/extracted from WER data in chat
2025,14,4,Vol_52_no_15,Colombo,204.0,3292.0,Medium,available,YES,71.9,81.29,32.13,25.26,28.69,7,rf.xlsx + RH.xlsx + tem.xlsx weekly aggregation,direct/extracted from WER data in chat
2025,15,4,Vol_52_no_16,Colombo,277.0,3569.0,Medium,available,YES,64.1,81.5,32.2,25.64,28.92,7,rf.xlsx + RH.xlsx + tem.xlsx weekly aggregation,direct/extracted from WER data in chat
2025,16,4,Vol_52_no_17,Colombo,230.0,3799.0,Medium,available,YES,83.1,80.36,32.63,26.43,29.53,7,rf.xlsx + RH.xlsx + tem.xlsx weekly aggregation,direct/extracted from WER data in chat
2025,17,4,Vol_52_no_18,Colombo,306.0,4105.0,High,available,YES,54.2,82.43,32.34,25.83,29.09,7,rf.xlsx + RH.xlsx + tem.xlsx weekly aggregation,direct/extracted from WER data in chat
2025,18,4,Vol_52_no_19,Colombo,276.0,4381.0,Medium,available,YES,47.5,82.43,32.14,26.06,29.1,7,rf.xlsx + RH.xlsx + tem.xlsx weekly aggregation,direct/extracted from WER data in chat
2025,19,5,Vol_52_no_20,Colombo,310.0,4691.0,High,available,YES,26.0,79.29,32.46,26.76,29.61,7,rf.xlsx + RH.xlsx + tem.xlsx weekly aggregation,direct/extracted from WER data in chat
2025,20,5,Vol_52_no_21,Colombo,359.0,5050.0,High,available,YES,77.4,82.64,31.89,26.43,29.16,7,rf.xlsx + RH.xlsx + tem.xlsx weekly aggregation,direct/extracted from WER data in chat
2025,21,5,Vol_52_no_22,Colombo,336.0,5386.0,High,available,YES,101.5,84.71,31.24,26.26,28.75,7,rf.xlsx + RH.xlsx + tem.xlsx weekly aggregation,direct/extracted from WER data in chat
2025,22,5,Vol_52_no_23,Colombo,302.0,5688.0,High,available,YES,43.2,81.79,31.69,26.89,29.29,7,rf.xlsx + RH.xlsx + tem.xlsx weekly aggregation,direct/extracted from WER data in chat
2025,23,6,Vol_52_no_24,Colombo,245.0,5933.0,Medium,available,YES,13.3,77.79,31.97,27.9,29.94,7,rf.xlsx + RH.xlsx + tem.xlsx weekly aggregation,direct/extracted from WER data in chat
2025,24,6,Vol_52_no_25,Colombo,279.0,6212.0,Medium,available,YES,133.5,84.21,31.06,25.01,28.04,7,rf.xlsx + RH.xlsx + tem.xlsx weekly aggregation,direct/extracted from WER data in chat
2025,25,6,Vol_52_no_26,Colombo,316.0,6528.0,High,available,YES,29.1,80.79,31.29,26.83,29.06,7,rf.xlsx + RH.xlsx + tem.xlsx weekly aggregation,direct/extracted from WER data in chat
2025,26,6,Vol_52_no_27,Colombo,276.0,6804.0,Medium,available,YES,6.3,79.64,31.36,27.01,29.19,7,rf.xlsx + RH.xlsx + tem.xlsx weekly aggregation,direct/extracted from WER data in chat
2025,27,7,Vol_52_no_28,Colombo,285.0,7089.0,Medium,available,YES,0.0,77.86,32.0,27.59,29.79,7,rf.xlsx + RH.xlsx + tem.xlsx weekly aggregation,direct/extracted from WER data in chat
2025,28,7,Vol_52_no_29,Colombo,222.0,7311.0,Medium,available,YES,2.5,76.71,31.97,27.73,29.85,7,rf.xlsx + RH.xlsx + tem.xlsx weekly aggregation,direct/extracted from WER data in chat
2025,29,7,Vol_52_no_30,Colombo,226.0,7537.0,Medium,available,YES,30.0,79.86,30.47,26.29,28.38,7,rf.xlsx + RH.xlsx + tem.xlsx weekly aggregation,direct/extracted from WER data in chat
2025,30,7,Vol_52_no_31,Colombo,237.0,7774.0,Medium,available,YES,27.2,81.86,30.0,25.34,27.67,7,rf.xlsx + RH.xlsx + tem.xlsx weekly aggregation,direct/extracted from WER data in chat
2025,31,7,Vol_52_no_32,Colombo,246.0,8020.0,Medium,available,YES,3.4,81.71,29.71,25.77,27.74,7,rf.xlsx + RH.xlsx + tem.xlsx weekly aggregation,direct/extracted from WER data in chat
2025,32,8,Vol_52_no_33,Colombo,156.0,8176.0,Medium,available,YES,10.1,80.0,30.14,26.34,28.24,7,rf.xlsx + RH.xlsx + tem.xlsx weekly aggregation,direct/extracted from WER data in chat
2025,33,8,Vol_52_no_34,Colombo,87.0,8263.0,Low,available,YES,15.7,80.71,30.81,26.54,28.68,7,rf.xlsx + RH.xlsx + tem.xlsx weekly aggregation,direct/extracted from WER data in chat
2025,34,8,Vol_52_no_35,Colombo,137.0,8400.0,Medium,available,YES,1.0,77.14,31.33,26.96,29.14,7,rf.xlsx + RH.xlsx + tem.xlsx weekly aggregation,direct/extracted from WER data in chat
2025,35,8,Vol_52_no_36,Colombo,104.0,8504.0,Medium,available,YES,29.9,80.07,31.24,26.46,28.85,7,rf.xlsx + RH.xlsx + tem.xlsx weekly aggregation,direct/extracted from WER data in chat
2025,36,9,Vol_52_no_37,Colombo,103.0,8607.0,Medium,available,YES,0.6,76.43,31.43,27.24,29.34,7,rf.xlsx + RH.xlsx + tem.xlsx weekly aggregation,direct/extracted from WER data in chat
2025,37,9,Vol_52_no_38,Colombo,117.0,8724.0,Medium,available,YES,11.8,77.14,32.04,27.46,29.75,7,rf.xlsx + RH.xlsx + tem.xlsx weekly aggregation,direct/extracted from WER data in chat
2025,38,9,Vol_52_no_39,Colombo,120.0,8844.0,Medium,available,YES,34.4,80.57,31.13,26.23,28.68,7,rf.xlsx + RH.xlsx + tem.xlsx weekly aggregation,direct/extracted from WER data in chat
2025,39,9,Vol_52_no_40,Colombo,155.0,8999.0,Medium,available,YES,53.6,82.5,31.06,26.24,28.65,7,rf.xlsx + RH.xlsx + tem.xlsx weekly aggregation,direct/extracted from WER data in chat
2025,40,10,Vol_52_no_41,Colombo,129.0,9128.0,Medium,available,YES,17.0,81.14,30.94,26.06,28.5,7,rf.xlsx + RH.xlsx + tem.xlsx weekly aggregation,direct/extracted from WER data in chat
2025,41,10,Vol_52_no_42,Colombo,130.0,9258.0,Medium,available,YES,222.8,81.5,31.29,25.26,28.27,7,rf.xlsx + RH.xlsx + tem.xlsx weekly aggregation,direct/extracted from WER data in chat
2025,42,10,Vol_52_no_43,Colombo,157.0,9415.0,Medium,available,YES,234.0,88.64,29.76,24.56,27.16,7,rf.xlsx + RH.xlsx + tem.xlsx weekly aggregation,direct/extracted from WER data in chat
2025,43,10,Vol_52_no_44,Colombo,214.0,9629.0,Medium,available,YES,117.3,84.79,30.34,24.71,27.53,7,rf.xlsx + RH.xlsx + tem.xlsx weekly aggregation,direct/extracted from WER data in chat
2025,44,10,Vol_52_no_45,Colombo,153.0,9782.0,Medium,available,YES,1.4,76.36,31.74,26.13,28.94,7,rf.xlsx + RH.xlsx + tem.xlsx weekly aggregation,direct/extracted from WER data in chat
2025,45,11,Vol_52_no_46,Colombo,184.0,9966.0,Medium,available,YES,50.0,83.07,30.83,25.0,27.91,7,rf.xlsx + RH.xlsx + tem.xlsx weekly aggregation,direct/extracted from WER data in chat
2025,46,11,Vol_52_no_47,Colombo,266.0,10232.0,Medium,available,YES,89.4,84.14,31.5,24.83,28.16,7,rf.xlsx + RH.xlsx + tem.xlsx weekly aggregation,direct/extracted from WER data in chat
2025,47,11,Vol_52_no_48,Colombo,226.0,10458.0,Medium,available,YES,17.7,82.86,31.33,24.29,27.81,7,rf.xlsx + RH.xlsx + tem.xlsx weekly aggregation,direct/extracted from WER data in chat
2025,48,11,Vol_52_no_49,Colombo,286.0,10744.0,Medium,available,YES,262.4,87.0,27.89,23.19,25.54,7,rf.xlsx + RH.xlsx + tem.xlsx weekly aggregation,direct/extracted from WER data in chat
2025,49,12,Vol_52_no_50,Colombo,272.0,11016.0,Medium,available,YES,86.3,83.71,31.41,24.1,27.76,7,rf.xlsx + RH.xlsx + tem.xlsx weekly aggregation,direct/extracted from WER data in chat
2025,50,12,Vol_52_no_51,Colombo,318.0,11334.0,High,available,YES,7.4,79.21,31.23,24.23,27.73,7,rf.xlsx + RH.xlsx + tem.xlsx weekly aggregation,direct/extracted from WER data in chat
2025,51,12,Vol_52_no_52,Colombo,340.0,11674.0,High,available,YES,45.7,78.64,31.26,24.23,27.74,7,rf.xlsx + RH.xlsx + tem.xlsx weekly aggregation,direct/extracted from WER data in chat
